job_title,company_name,location,salary,posted
Consultant,Oxfam GB,Jakarta,,Today
PHP Web Developer,5 Miles Lab Digital Advertising Company (Hong Kong...,Jakarta,Rp. 10.000.000 per bulan,Today
Junior Web Programmer,PT Sinergi Jaya Optima,Madiun,,3 days ago
Java Middleware Developer/ Programmer,PT. Ensoft Global Solutions,Jakarta,,3 days ago
PHP Programmer,Electronic Data Interchange Indonesia PT,Jakarta,,3 days ago
 Programmer -Web Developer,Batubeling,Surabaya,Rp. 1.700.000 - Rp. 2.000.000 per bulan,4 days ago
 Programmer,PT Bumi Indo Mapan,Surabaya,Rp. 3.000.000 - Rp. 5.000.000 per bulan,4 days ago
Systemn Analyst,PT Bumi Indo Mapan,Surabaya,Rp. 7.000.000 - Rp. 8.000.000 per bulan,4 days ago
IT Project Manager,RebelWorks,Jakarta,,5 days ago
 Programmer,Lidah Buaya Group,Magelang,,5 days ago
Android Developer,Mega Media Digipro PT,Jakarta,,5 days ago
System Analyst,GudangAda,Tangerang,,6 days ago
 PROGRAMMER,PT. Adyawinsa Telekomunikasi & Electrical,Jakarta,,6 days ago
UI Engineer,GudangAda,Tangerang,,6 days ago
 Programmer iOS,PT. Bintoro Sinergi Korpora,Jakarta,Rp. 4.000.000 - Rp. 4.500.000 per bulan,6 days ago
 Programmer,PT ITC Multifinance,Medan,Rp. 3.000.000 - Rp. 3.600.000 per bulan,9 days ago
PHP Programmer,PT.Sarana Maju Lestari,Jakarta,Rp. 6.000.000 - Rp. 7.000.000 per bulan,13 days ago
Full-Time Web Programmer,Daduweb,Jakarta,,13 days ago
WEB DEVELOPER/ PROGRAMMER,GerejaSoft,Tangerang,,11 days ago
 Programmer,Digital Art,Tangerang,,10 days ago
Production Support Electrical & Instrumentation,Samora Group,Serang,,11 days ago
 PROGRAMMER APPS / ANDROID,Morning Glory Enterprise,Surabaya,Rp. 4.200.000 per bulan,12 days ago
Staff Operational - IT - Programmer,PT Deltasindo Raya Sejahtera,Jakarta,,13 days ago
IT Support,PT Sukma Karya Tama,Jakarta,,12 days ago
 Programmer (I),Rosin Group (Rosin Group),Surakarta,,8 days ago
Sotfware Engineer,PT. Infinitium Solutions,Jakarta,,9 days ago
MOBILE APP DEVELOPER/ PROGRAMMER,GerejaSoft,Tangerang,,11 days ago
IT Developer,PT. Sinar Jernih Suksesindo (SJS),Jakarta,,10 days ago
Senior Full Stack Web Programmer,First Tech,Medan,,8 days ago
IT Programmer,,Jakarta,,12 days ago
IT Programmer,PT Mega Media Digipro,Jakarta,,8 days ago
IT Programmer,PT LiMa Widya Aditama,Bekasi,,8 days ago
IT Web Developer / Web Programmer,PT Kinarya Alihdaya Mandiri,Jakarta,,10 days ago
Solution Architectur/System Analyst,PT LiMa Widya Aditama,Bekasi,,8 days ago
IOS Developer,PT Mega Media Digipro,Jakarta,,8 days ago
Jr Programmer,Sofco Graha,Surabaya,Rp. 5.000.000 - Rp. 8.000.000 per bulan,17 days ago
IT Programmer,Graha Karya,Jakarta,,16 days ago
IT Developer / Programmer,Quantum Select International,Jakarta,Rp. 10.000.000 - Rp. 15.000.000 per bulan,18 days ago
IT Programmer,Bumi Menara Internusa PT,Surabaya,,18 days ago
"Indonesia Web Programmer Remote: PHP, Ruby On Rails, Phyton,...",InDigital.ID,Jakarta,,17 days ago
IT Programmer,PT Graha Multi Tama,Bandung,,15 days ago
 Programmer / Developer part time ( remote ),B33BOP,Kuta,,15 days ago
C++ Game Programmer,Gameloft,Yogyakarta,,15 days ago
Full Stack Programmer,Beautynesia,Jakarta,Rp. 8.500.000 - Rp. 15.000.000 per bulan,20 days ago
Security & Anti Hacking Programmer,Gameloft,Yogyakarta,,15 days ago
Chief Technology Officer,PT Juvenil Eksekutif Internasional,Jakarta,Rp. 15.000.000 - Rp. 30.000.000 per bulan,16 days ago
Operational Programmer,Jagoanhosting,Malang,,19 days ago
Software Programmer,Lean Design Electronics International,Indonesia,,20 days ago
 Programmer,PT Handal Guna Sarana,Jakarta,,20 days ago
IT Project Manager,Gestalt Center,Bandung,Rp. 4.500.000 - Rp. 6.000.000 per bulan,16 days ago
Magang/Internship,Digital Art,Tangerang,,18 days ago
Back End Developer,Memori Netindo Jaya PT,Bandung,,15 days ago
Senior Programmer,PT JAC Recruitment Indonesia,Jakarta,,14 days ago
System Analyst & Report (SAR),PT Bima Multi Finance,Jakarta,,17 days ago
Mobile Developer,Avatar Solutions,Denpasar,,16 days ago
Software Developer,PT Bima Multi Finance,Jakarta,,17 days ago
Junior Programmer .NET,PT. IntelliSys,Tangerang,Rp. 4.500.000 - Rp. 6.500.000 per bulan,24 days ago
Junior Programmer (Trainee),3pm Solution,Malang,,24 days ago
 Programmer,Barantum.com,Jakarta,Rp. 4.500.000 - Rp. 7.000.000 per bulan,26 days ago
Internship - Programmer,Jagoanhosting,Malang,,21 days ago
 PROGRAMMER (TGR),PT JWL Niaga Internasional,Tangerang,Rp. 5.000.000 per bulan,25 days ago
SENIOR PROGRAMMER,Care Indonesia Solusi PT,Bandung,Rp. 3.500.000 - Rp. 6.000.000 per bulan,23 days ago
IT System Analyst (SA),PT. Asian Technolgy Solutions,Jakarta,Rp. 8.000.000 - Rp. 15.000.000 per bulan,23 days ago
Senior PHP Programmer,Agape Software,Jakarta,,25 days ago
Lead Programmer,Care Indonesia Solusi PT,Bandung,Rp. 5.000.000 - Rp. 8.000.000 per bulan,23 days ago
 PROGRAMMER MAGANG 3 BULAN,PT. KEMBAR PUTRA MAKMUR,Badung,Rp. 2.000.000 - Rp. 2.250.000 per bulan,27 days ago
Java Programmer,Agape Software,Jakarta,,25 days ago
IT Programmer,PT Servvo Fire Indonesia,Jakarta,Rp. 3.500.000 - Rp. 4.500.000 per bulan,26 days ago
Backend Programmer,PT Mitracomm Ekasarana Business Process Service,Jakarta,Rp. 7.000.000 - Rp. 15.000.000 per bulan,26 days ago
IT Staff,PT. Karunia Mitra Bersatu,Surabaya,Rp. 2.000.000 - Rp. 3.000.000 per bulan,26 days ago
Java Programmer,PT Edi Indonesia,Jakarta,,25 days ago
.Net Developer,PT Xsis Mitra Utama,Jakarta,,25 days ago
"Senior Manager, Data & Telco",ADA,Jakarta,,25 days ago
 Programmer,Tata Karya Gemilang PT,Yogyakarta,Rp. 3.000.000 - Rp. 5.000.000 per bulan,30+ days ago
.NET PROGRAMMER,PT Bentang MitraGuna,Jakarta,,30+ days ago
Lead Programmer,Tata Karya Gemilang PT,Yogyakarta,Rp. 3.500.000 - Rp. 5.000.000 per bulan,30+ days ago
IT Programmer (Laravel),PT Gunung Mas Samudra,Surabaya,Rp. 4.000.000 - Rp. 4.800.000 per bulan,30+ days ago
 Programmer,Xpresindo Logistik Utama,Jakarta,,30+ days ago
"Internship - Creative (Jakarta, Indonesia)",ADA,Jakarta,,30+ days ago
 Programmer,PT IT Service Centre,Jakarta,,30+ days ago
Web & API Programmer,,Indonesia,,30+ days ago
System Analyst,PT Lawencon,Jakarta,,30+ days ago
IT Business Analyst,PT Lawencon,Jakarta,,30+ days ago
 PROGRAMMER FRONT END (UI + UX),Jakarta Consulting Group - JCG,Jakarta,,30+ days ago
SENIOR ANDROID .NET PROGRAMMER,PT Bentang MitraGuna,Jakarta,,30+ days ago
 PROGRAMMER BACKEND,Jakarta Consulting Group - JCG,Jakarta,,30+ days ago
 Programmer,PT Berca Hardaya Perkasa,Jakarta,,29 days ago
Oracle Developer,,Indonesia,,30+ days ago
 PROGRAMMER,DAC-Solution,Depok,,30+ days ago
 Programmer (Bandung),,West Java,,30+ days ago
 PROGRAMMER ANDROID,HEBAT CONSULTING,Bandar Lampung,Rp. 2.500.000 - Rp. 4.500.000 per bulan,30+ days ago
IT - PHP PROGRAMMER,PT Edi Indonesia,Jakarta,,30+ days ago
 Programmer,PT. DATA SAINS INTEKNOVA,Bekasi,,30+ days ago
Go-to-Market Strategist,ADA,Jakarta,,30+ days ago
"Senior Manager, Digital Product & Partnership",ADA,Jakarta,,30+ days ago
IT - SYSTEM ANALYST,PT Edi Indonesia,Jakarta,,30+ days ago
.NET Programmer (IT-.NET),PT. Cyclesoft Technology,Jakarta,Rp. 4.000.000 - Rp. 15.000.000 per bulan,30+ days ago
 Programmer,Meco Sinergi Group,Indonesia,,30+ days ago
"IT Team (IT Support, Programmer , Admin)",PT Waruna Nusa Sentana,Jakarta,,30+ days ago
 Programmer PHP (Laravel),Berkat Soft,Bandung,,30+ days ago
API Programmer,InterActive,Surabaya,,30+ days ago
 PROGRAMMER PHP DEVELOPER,PT FTF Globalindo,Bekasi,Rp. 3.900.000 - Rp. 5.000.000 per bulan,30+ days ago
IT Programmer,PT Sutrakabel Intimandiri,Bogor,Rp. 4.000.000 - Rp. 5.000.000 per bulan,30+ days ago
 PROGRAMMER (ANDROID / IOS),,Jakarta,Rp. 8.000.000 - Rp. 15.000.000 per bulan,30+ days ago
"Manufacturing Company at Subang, Jawa Barat",KTalents Asia,Subang,,30+ days ago
Android Developer,1rstWAP,Jakarta,,30+ days ago
Backend Developer,,Banten,,30+ days ago
IT PROGRAMMER (BEGINNER POSITION),Citra Mitra Nusantara,Tangerang,,30+ days ago
 PROGRAMMER,PT Bangunan Jaya Mandiri,Bantul,,30+ days ago
IT Software Position,KRISHAND,Jakarta,,30+ days ago
CNC Staff,INTEGRAGROUP,Sidoarjo,,30+ days ago
Developer,,Jakarta,Rp. 4.200.000 - Rp. 5.000.000 per bulan,30+ days ago
 Programmer Oracle (Jakarta),PT Sejahtera Mitra Solusi,Jakarta,,30+ days ago
IT Programmer (Android & IOS),Bank Mayora,Jakarta,,30+ days ago
 Programmer Middleware (Jakarta),PT Sejahtera Mitra Solusi,Jakarta,Rp. 6.000.000 - Rp. 12.000.000 per bulan,30+ days ago
 Programmer .NET (Jakarta),PT Sejahtera Mitra Solusi,Jakarta,Rp. 4.500.000 - Rp. 12.000.000 per bulan,30+ days ago
QA SOFTWARE DEVELOPER (MIDDLE POSITION),Citra Mitra Nusantara,Tangerang,,30+ days ago
Oracle Certified Professional,PT Bahtera Pesat Lintasbuana,Tangerang,Rp. 7.000.000 - Rp. 10.000.000 per bulan,30+ days ago
IT Business Analyst (Jakarta),PT Sejahtera Mitra Solusi,Jakarta,,30+ days ago
IT Programmer Staff,PT Bernofarm,Sidoarjo,,30+ days ago
 PROGRAMMER (JAKARTA TIMUR),PT Ringkat Teknologi Muliatama,Jakarta,Rp. 3.500.000 - Rp. 5.000.000 per bulan,30+ days ago
Web Programmer Tutordoors,Tutordoors,Jakarta,,30+ days ago
Web Programmer | Javascript Enthusiast,WaGoMu,Bandung,,30+ days ago
Front End Developer,swa nusa,Jakarta,Rp. 7.000.000 per bulan,30+ days ago
Frontend Developer,Memori Netindo Jaya PT,Bandung,,30+ days ago
BUSINESS ANALYST,Realta,Jakarta,,30+ days ago
Application Developer,C Channel,Jakarta,,30+ days ago
JUNIOR PROGRAMMER,M Software,Jakarta,,30+ days ago
IOS Programmer,OttoDigital,Jakarta,,30+ days ago
SENIOR PROGRAMMER,M Software,Jakarta,,30+ days ago
Java Programmer,,Jakarta,,30+ days ago
IT - Solution Analyst,ASSA Rent,Jakarta,,30+ days ago
Big Data Specialist,ADA,Jakarta,,30+ days ago
Junior Programmer IT Web Mobile Developer Software Engineer...,Klikfix Asia International,Jakarta,,30+ days ago
TECHNICAL WRITING,M Software,Jakarta,,30+ days ago
Senior Programmer IT Web Mobile Developer Software Engineer...,Klikfix Asia International,Jakarta,,30+ days ago
 Programmer,Lua,Jakarta,,30+ days ago
Java Programmer,Villa Casa Mateo,Bali,,30+ days ago
Senior PHP Programmer,PT Praisindo Teknologi,Jakarta,,30+ days ago
"Consultant, System Dynamics Modeling for Low Carbon Developm...",World Resources Institute,Jakarta,,30+ days ago
Backend Developer,PT Merah Cipta Media,Jakarta,,30+ days ago
Staff IT,PT Samyang Indonesia,Bengkulu,,30+ days ago
Desktop Programmer / PowerBuilder Developer (PD),Mitraplus,Jakarta,,30+ days ago
 Programmer Analyst,StrategArt,Jakarta,,30+ days ago
Data Warehouse Programmer,StrategArt,Jakarta,,30+ days ago
Developer / Programmer,StrategArt,Jakarta,,30+ days ago
 Programmer,PT Indo Human Resource,Jakarta,,30+ days ago
.NET Application Developer / Programmer,StrategArt,Jakarta,,30+ days ago
Java Application Developer / Programmer,StrategArt,Jakarta,,30+ days ago
 Programmer,PT Mitra Insan Sejahtera,Jakarta,,30+ days ago
Front-end Developer,Indivara Group (Holding Company for Jatis Group),Indonesia,,30+ days ago
Web Programmer,,Indonesia,,30+ days ago
Software Engineer / Programmer,iSystem Asia,Jakarta,,30+ days ago
IT PROGRAMMER,Mobirent,Jakarta,,30+ days ago
Java Programmer,,Indonesia,,30+ days ago
IT - Java Programmer,,Indonesia,,30+ days ago
ERP Programmer,Wahana Duta Jaya Rucika,Jakarta,,30+ days ago
IT - Mobile Apps Developer,,Indonesia,,30+ days ago
PHP Programmer,EnamLima,Jakarta,,30+ days ago
Desktop Programmer,Care Indonesia Solusi PT,Bandung,Rp. 4.000.000 - Rp. 7.000.000 per bulan,30+ days ago
 Programmer CI/Laravel,Schoolmedia,Jakarta,Rp. 2.000.000 - Rp. 4.000.000 per bulan,30+ days ago
Staf Web Programmer,Schoolmedia,Jakarta,,30+ days ago
Web Designer / Programmer IT,Schoolmedia,Jakarta,Rp. 3.500.000 - Rp. 7.000.000 per bulan,30+ days ago
IT Business Analyst Team Head,Mulya Kencana Metalindo PT,Bandung,,30+ days ago
IT PROGRAMMER (Visual Basic/ C#/ ASP.NET),PT Mitracomm Ekasarana Business Process Service,Jakarta,,30+ days ago
PHP Programmer (Laravel) + Postgre SQL,PT Elabram Systems,Jakarta,,30+ days ago
IT DEVELOPER,Mahadya,Indonesia,,30+ days ago
 Programmer (PR),Radian System Consultant,Indonesia,,30+ days ago
Web Programmer,Pradipta Intimedia Selaras,Indonesia,,30+ days ago
.Net Programmer,Senayan City,Jakarta,,30+ days ago
Lowongan Kerja Programmer,PT Sekawan Media Informatika,Malang,,30+ days ago
IT PROGRAMMER,PT Mitracomm Ekasarana Business Process Service,Jakarta,,30+ days ago
Big Data & Intelligence Manager,ADA,Jakarta,,30+ days ago
 Programmer,amt-it solutions,Jakarta,,30+ days ago
Web Programmer,Cathy Doll,Jakarta,,30+ days ago
Staff Programmer,Pulau Sambu (Pulau Sambu) PT,Pekanbaru,,30+ days ago
IT - Technical Support IT - Staff,Altrak 1978,Jakarta,,30+ days ago
IT Programmer (Jakarta),,Jakarta,Rp. 5.000.000 - Rp. 7.000.000 per bulan,30+ days ago
Lead Coding Mentor,Bert's Solution,Jakarta,,30+ days ago
React Native Developer,InterActive,Surabaya,,30+ days ago
Junior Programmer,Logica World,Jakarta,,30+ days ago
 Programmer,,Jakarta,,30+ days ago
Front End Programmer,Aruna Indonesia,Jakarta,,30+ days ago
Senior Programmer,Logica World,Jakarta,,30+ days ago
 Programmer Analyst,,Malang,,30+ days ago
PHP PROGRAMMER,PT Astra Graphia Information Technology,Jakarta,,30+ days ago
Web Programmer,Mizanstore.com,Jakarta,,30+ days ago
Web Programmer,IDEKITE INDONESIA,Pontianak,,30+ days ago
Mobile Programmer,IDEKITE INDONESIA,Pontianak,,30+ days ago
Digital Marketing Manager,NuMoney Indonesia,Jakarta,,30+ days ago
Java Developer,Generali Indonesia,Jakarta,,30+ days ago
Full Stack Developer,Bounche,Jakarta,,30+ days ago
IT Programmer,PT Infomedia Nusantara,Jakarta,,30+ days ago
 Programmer Android,Dreamedia Solution,Bandung,,30+ days ago
 Programmer,Sarana Baja Perkasa,Indonesia,,30+ days ago
BACKEND/FRONTEND PROGRAMMER,SiBisnis,Bekasi,,30+ days ago
 PROGRAMMER,Dipstrategy,Jakarta,,30+ days ago
(Indonesia) IT Educator,Emurgo,Jakarta,,30+ days ago
IT Programmer - Universitas Multimedia Nusantara,,Tangerang,,30+ days ago
IT Programmer and Analyst,Yayasan Pendidikan Madania Indonesia,Bogor,Rp. 3.000.000 - Rp. 4.000.000 per bulan,30+ days ago
Mobile Programmer,Berkat Soft,Bandung,,30+ days ago
Staff IT,Pabrik Gula Gorontalo PT,Surabaya,,30+ days ago
SYSTEM ANALYST,PT Duta Kalingga Pratama,Jakarta,,30+ days ago
RPG Programmer,Multipolar Technology Group,Tangerang,,30+ days ago
Junior IT Programmer,PT Terafulk Megantara Design,Surabaya,,30+ days ago
IT Business Intelligence & Data Warehouse Spv,Suzuki Finance Indonesia PT,Jakarta,Rp. 7.500.000 - Rp. 9.000.000 per bulan,30+ days ago
Web Engineer (React),PT SEBANGSA BERSAMA,Sleman,,30+ days ago
 Programmer,Jasa SEO Profesional,Bali,,30+ days ago
IT Programmer,Suzuki Finance Indonesia PT,Jakarta,Rp. 4.500.000 - Rp. 6.000.000 per bulan,30+ days ago
Desainer,Jasa SEO Profesional,Bali,,30+ days ago
Web Programmer,BIKA SOLUSI PERDANA,Indonesia,,30+ days ago
 PROGRAMMER,TRIO MOTOR,East Kalimantan,,30+ days ago
 Programmer,Inixindo Widya Iswara Nusantara,Yogyakarta,,30+ days ago
Website Developer,Ginio Digital Karya,Kediri,Rp. 2.000.000 per bulan,30+ days ago
Associate - IFS - Web Programmer,,Jakarta,,30+ days ago
Android Developer,Care Indonesia Solusi PT,Bandung,Rp. 6.000.000 - Rp. 10.000.000 per bulan,30+ days ago
URGENTLY NEEDED: THE PROFESSIONAL CANDIDATES FOR LEASING COM...,SunRecruit,Jakarta,,30+ days ago
 Programmer,Securindo Packatama,Jakarta,,30+ days ago
SENIOR PHP PROGRAMMER,Floweradvisor,Jakarta,,30+ days ago
SENIOR WEB PROGRAMMER,Bisnis Indonesia,Indonesia,,30+ days ago
Odoo Phyton Programmer,PT. Alpha Satu Sistem Solusi,Bekasi,,30+ days ago
 PROGRAMMER,Astra Graphia,Jakarta,,30+ days ago
Web Programmer,Combiphar,Jakarta,,30+ days ago
Staff IT ( Programmer ),Citra Intirama PT,Jakarta,Rp. 4.000.000 - Rp. 6.000.000 per bulan,30+ days ago
Junior Mobile Programmer (Android),Moresto Indonesia,Tangerang,,30+ days ago
Senior Mobile Programmer (Android),Moresto Indonesia,Tangerang,,30+ days ago
MOBILE APPS DEVELOPER (ITP-MAM),MNC Asset Management,Jakarta,,30+ days ago
Junior Programmer,Bromoweb,Probolinggo,,30+ days ago
Senior Programmer,Bromoweb,Probolinggo,,30+ days ago
MANAGEMENT TRAINEE PROGRAMMER,Asahimas Flat Glass,Sidoarjo,,30+ days ago
Quality Assurance,Nurosoft,Indonesia,,30+ days ago
JUNIOR WEB PROGRAMMER + IT SUPPORT,PT. Aldmic Indonesia,Jakarta,,30+ days ago
Lowongan PROGRAMMER,PT. Indo Media Universal,Surabaya,,30+ days ago
 PROGRAMMER (DEVELOPER),Tama Cipta Hosting,Indonesia,,30+ days ago
IT PROGRAMMER DAN IT SOFTWARE SUPPORT,Pan Brothers,Tangerang,,30+ days ago
IT Programmer,Xingfa Aluminium Indonesia,Tangerang,,30+ days ago
PHP Web Programmer,Top4 Marketing,Surabaya,,30+ days ago
Web Programmer PHP,Epscilon Indonesia,Jakarta,Rp. 3.500.000 - Rp. 4.000.000 per bulan,30+ days ago
Web Programmer,DiKlikAja.com,Jakarta,,30+ days ago
Tech Lead Programmer JS,Member.id,Jakarta,,30+ days ago
IT STAFF,Bima Multi Finance,Jakarta,,30+ days ago
 PROGRAMMER (FULL STACK),PT Rect Media Komputindo,Semarang,,30+ days ago
Staff Web Programmer,Java Multi Mandiri,Purwokerto,,30+ days ago
Odoo Software Engineer,Nurosoft,Indonesia,,30+ days ago
IT Programmer,PT. Dasa Prima,Depok,,30+ days ago
Dibutuhkan programmer vba dan sql server,purnama academy,Bandung,Rp. 4.000.000 per bulan,30+ days ago
Apps Software Engineer,Nurosoft,Indonesia,,30+ days ago
Project Manager,PT Fairtech Digital Indonesia,Jakarta,,30+ days ago
PHP .NET or .NET DEVELOPER,PT.Mitra Samudra Solusindo,Medan,,30+ days ago
 Programmer,Kawan Lama,Indonesia,,30+ days ago
IT Support / Helpdesk,Kawan Lama,Indonesia,,30+ days ago
Junior PHP Programmer,Harda Esa Raksa PT,Jakarta,,30+ days ago
Junior Java Programmer,Harda Esa Raksa PT,Jakarta,,30+ days ago
Experienced JAVA Programmer,Harda Esa Raksa PT,Jakarta,,30+ days ago
 PROGRAMMER,,Indonesia,,30+ days ago
Web Programmer,MITRASHARE,Jakarta,,30+ days ago
Application Development ( Programmer ) RS,EMC Hospital,Tangerang,,30+ days ago
Java Programmer,MITRASHARE,Jakarta,,30+ days ago
Business Analyst,MITRASHARE,Jakarta,,30+ days ago
IOS Developer,Mega Media Digipro PT,Jakarta,,30+ days ago
IT Programmer Bandung,Harda Esa Raksa PT,Bandung,Rp. 3.500.000 - Rp. 6.000.000 per bulan,30+ days ago
 Programmer,Untung Bersama Sejahtera PT,Surabaya,,30+ days ago
ICT Staff ( Programmer ),Yayasan Pendidikan Pelita Harapan - YPPH,Tangerang,,30+ days ago
 PROGRAMMER,PT Pulauintan Bajaperkasa Konstruksi,Jakarta,,30+ days ago
Senior Software Engineer (Java) Onsite,Aero Systems Indonesia,Jakarta,,30+ days ago
WEB PROGRAMMER,Xerindo,Jakarta,,30+ days ago
Back End Developer â€“ Programmer,GDP Venture,Jakarta,,30+ days ago
Database Specialist,GDP Venture,Jakarta,,30+ days ago
IT Programmer,PT Mega Auto Finance (MAF),Jakarta,,30+ days ago
IT Junior Programmer,Prodia,Jakarta,,30+ days ago
UI/UX Programmer,PT. InfraCom Technology,Jakarta,,30+ days ago
NET Programmer,MITRASHARE,Jakarta,,30+ days ago
Java/PHP/UI-UX Programmer Intern,PT. InfraCom Technology,Jakarta,,30+ days ago
Web Programmer / Developer (PHP),Selka.id,Jakarta,,30+ days ago
IT -ABAP Programmer,EXSPORT,Bandung,,30+ days ago
 Programmer,,Indonesia,,30+ days ago
Web Programmer,Narrada Communications,Jakarta,,30+ days ago
 Programmer,Lutan Edukasi,Jakarta,,30+ days ago
 Programmer,PT. KLK Agriservindo,Jakarta,,30+ days ago
HRIS Analyst- Programmer,Lutan Edukasi,Jakarta,,30+ days ago
 Programmer (PHP Framework),Linuxindo Total Solusi,Jakarta,,30+ days ago
Analyst Programmer,Globalearning Center,Jakarta,,30+ days ago
Senior Web Programmer (SWP),TOMYON Technology,Jakarta,,30+ days ago
Java Back End Software Engineer,1rstWAP,Jakarta,,30+ days ago
.NET Application Support,Kairos Utama,Jakarta,,30+ days ago
Mobile Programmer,Four Vision Media,Bandung,,30+ days ago
Web Programmer,Four Vision Media,Bandung,,30+ days ago
Web Developer,PT Alkemistri Seniwara,Jakarta,,30+ days ago
Magang Programmer,Yayasan Masyarakat Perikanan Indonesia,Indonesia,,30+ days ago
SENIOR PROGRAMMER,Asuransi Multi Artha Guna,Jakarta,,30+ days ago
IT Programmer,Yayasan Pendidikan Agung Podomoro - Podomoro Unive...,Jakarta,,30+ days ago
IT Programmer Officer,,Jakarta,,30+ days ago
ASP NET Programmer - Financial Industry,RGF HR Agent,Jakarta,,30+ days ago
IT Programmer,Bimbi,Jakarta,,30+ days ago
Web Programmer,SolindoWeb,Surabaya,,30+ days ago
UNIX/Linux C/C++ Programmer,XLink Software,Jakarta,,30+ days ago
Portal Programmer,Indofood CBP,Jakarta,,30+ days ago
Firmware / Hardware Programmer,Testindo,Jakarta,,30+ days ago
Supervisor Procurement and Suppliers (Fresh and Agri Crop),Indofood CBP,Jakarta,,30+ days ago
Web Programmer,CLARIS,Jakarta,,30+ days ago
Software Programmer,Testindo,Jakarta,,30+ days ago
IT Specialist,Harda Esa Raksa PT,Surabaya,Rp. 5.000.000 - Rp. 10.000.000 per bulan,30+ days ago
"Cyber Security, Python, Engineering, Technical lead, Program...",,Jakarta,,30+ days ago
Lansa Programmer,Gunatronikatama Cipta,Jakarta,,30+ days ago
 Programmer (PG),Supranusa Sindata,Jakarta,,30+ days ago
IT PROGRAMMER,Indomobil Finance,Jakarta,,30+ days ago
Staff IT SQL & ASP Net Developer - NFTE,AXA Indonesia General Insurance (AGI),Jakarta,,30+ days ago
IT - Programmer,Asuransi Raksa,Jakarta,,30+ days ago
Junior Programmer,Dayasitel,Jakarta,,30+ days ago
ERP Programmer,DETIKcom,Jakarta,,30+ days ago
IT Programmer ABAPER,Fajar Paper,Bekasi,,30+ days ago
JUNIOR PROGRAMMER,Stampindo Lancar Jaya PT,Jakarta,Rp. 4.000.000 - Rp. 8.000.000 per bulan,30+ days ago
Application Support (Trainee),Karya Digital,Tangerang,,30+ days ago
Graphic Programmer (GP),Rock Fluid Imaging Lab,Bandung,,30+ days ago
Java Programmer,Infogram Telemedia,Jakarta,,30+ days ago
Back-End Programmer,Traders Family International,Jakarta,,30+ days ago
 Programmer,Audittindo,Jakarta,,30+ days ago
Front-End Programmer,Traders Family International,Jakarta,,30+ days ago
 Programmer,Traders Family International,Jakarta,,30+ days ago
Oracle Developer (OD),Multipolar Technology Group,Tangerang,,30+ days ago
Junior Android Developer/ Programmer,Stampindo Lancar Jaya PT,Jakarta,,30+ days ago
IT ( PROGRAMMER & DATABASE) (WEB-IT),PURA GROUP INDONESIA,Jakarta,,30+ days ago
IT Web Programmer,Autobest PT,Bandung,,30+ days ago
IT / Programmer,Gunawangsa Group,Surabaya,,30+ days ago
Sr. Java Programmer (Sr. Associate),Anabatic,Tangerang,,30+ days ago
Senior Programmer VB 6.0,Sakura System Solutions,Jakarta,,30+ days ago
 Programmer .NET / PHP,Insura,Jakarta,,30+ days ago
Mobile Programmer iOS,Insura,Jakarta,,30+ days ago
Mobile Programmer Android,Insura,Jakarta,,30+ days ago
Python Programmer,Insura,Jakarta,,30+ days ago
ASP.NET - C# Programmer,Sakura System Solutions,Jakarta,,30+ days ago
Senior Back-end Programmer,Stucel,Jakarta,,30+ days ago
Java Programmer,Gunatronikatama Cipta,Jakarta,,30+ days ago
JUNIOR WEB DEVELOPER/ PROGRAMMER,UFO Indonesia,Jakarta,,30+ days ago
Senior Front-end Programmer,Stucel,Jakarta,,30+ days ago
Senior Analyst Programmer,Sakura System Solutions,Jakarta,,30+ days ago
SENIOR WEB DEVELOPER/ PROGRAMMER,UFO Indonesia,Jakarta,,30+ days ago
Java System Analyst,Sakura System Solutions,Jakarta,,30+ days ago
Junior Programmer,Murfa Surya Mahardika,Jakarta,,30+ days ago
Android Developer,DETIKcom,Jakarta,,30+ days ago
Back-end Programmer,GITS Indonesia,Jakarta,,30+ days ago
Front-end Programmer,GITS Indonesia,Jakarta,,30+ days ago
iOS Programmer,GITS Indonesia,Jakarta,,30+ days ago
Android Programmer,GITS Indonesia,Jakarta,,30+ days ago
Senior Web Developer ( Programmer ),Raja Mobil,Tangerang,,30+ days ago
 Programmer,Solusi Integrasi Utama,Jakarta,,30+ days ago
Web Programmer,DETIKcom,Jakarta,,30+ days ago
iOS Developer,DETIKcom,Jakarta,,30+ days ago
C# PROGRAMMER,PT. Pacific Technology Indonesia,Indonesia,,30+ days ago
FRONT END PROGRAMMER,Kuryo Technology,Surabaya,,30+ days ago
IT Programmer,Dale Carnegie Training,Jakarta,,30+ days ago
 Programmer & Operator CNC,Penguin Indonesia,Jakarta,,30+ days ago
Senior Oracle Programmer,Erajaya,Jakarta,,30+ days ago
Java Developer - Programmer,PROSIA,Jakarta,,30+ days ago
Software Developer / Engineer,Pinnacle Investment,Jakarta,,30+ days ago
IT Programmer,Dian Innovative Solusindo,Jakarta,,30+ days ago
Senior Programmer,Penguin Indonesia,Jakarta,,30+ days ago
.Net Programmer,Liebra Permana,Jakarta,,30+ days ago
Desktop Programmer,SDA SURABAYA,Surabaya,,30+ days ago
.Net programmer,Trengginas,Indonesia,,30+ days ago
Administration Staff,OTO Group,Indonesia,,30+ days ago
Java Programmer,Trengginas,Indonesia,,30+ days ago
Quality Assurance,Morra,Surabaya,,30+ days ago
Web Programmer,CyberLabs,Bandung,,30+ days ago
 Programmer Chief,SDA SURABAYA,Surabaya,,30+ days ago
Mobile Apps Programmer,CyberLabs,Bandung,,30+ days ago
It Quality Control Officer,OTO Group,Jakarta,,30+ days ago
C# / VB.Net /ASP.Net Programmer,Erasoft Indonesia,Jakarta,,30+ days ago
Mobile (Android) Programmer,Ozeva Technology,Surakarta,,30+ days ago
Android Programmer,Erasoft Indonesia,Jakarta,,30+ days ago
WEB PROGRAMMER,Andalabs,Jakarta,,30+ days ago
IT Programmer,First Indo Finance Jakarta,Jakarta,,30+ days ago
Software Engineer / Programmer,Ozeva Technology,Surakarta,,30+ days ago
IT System Analyst,Inertia Utama,Tangerang,,30+ days ago
PHP Programmer,Vanwellis Indonesia,Jakarta,,30+ days ago
System Analyst / IT Programmer,Infogram Telemedia,Jakarta,,30+ days ago
Java ( J2ME ) Programmer,Vanwellis Indonesia,Jakarta,,30+ days ago
 Programmer (Prog),Buana Varia Komputama,Jakarta,,30+ days ago
Senior Programmer,Global Business Services,Jakarta,,30+ days ago
Web Developer/ Programmer (WP),Adelva Solusindo,Jakarta,,30+ days ago
System Analyst,Global Business Services,Jakarta,,30+ days ago
SENIOR PHP PROGRAMMER,Flower Advisor,Jakarta,,30+ days ago
C# / VB.Net /ASP.Net Programmer,Erasoft Indonesia,Jakarta,,30+ days ago
Mobile (Android) Programmer,Ozeva Technology,Surakarta,,30+ days ago
Android Programmer,Erasoft Indonesia,Jakarta,,30+ days ago
WEB PROGRAMMER,Andalabs,Jakarta,,30+ days ago
IT Programmer,First Indo Finance Jakarta,Jakarta,,30+ days ago
Software Engineer / Programmer,Ozeva Technology,Surakarta,,30+ days ago
IT System Analyst,Inertia Utama,Tangerang,,30+ days ago
PHP Programmer,Vanwellis Indonesia,Jakarta,,30+ days ago
System Analyst / IT Programmer,Infogram Telemedia,Jakarta,,30+ days ago
Java ( J2ME ) Programmer,Vanwellis Indonesia,Jakarta,,30+ days ago
 Programmer (Prog),Buana Varia Komputama,Jakarta,,30+ days ago
Senior Programmer,Global Business Services,Jakarta,,30+ days ago
Web Developer/ Programmer (WP),Adelva Solusindo,Jakarta,,30+ days ago
System Analyst,Global Business Services,Jakarta,,30+ days ago
SENIOR PHP PROGRAMMER,Flower Advisor,Jakarta,,30+ days ago
